{
    "Apple Inc.": 1,
    "Facebook": 1,
    "Amazon.com": 1,
    "The Washington Post Company": 1,
    "CNN": 1,
    "Reuters": 1,
    "Microsoft": 0.9547356,
    "Google": 0.920956,
    "AT&T Inc.": 0.8888998,
    "Twitter": 0.7783902,
    "Wal-Mart": 0.598045,
    "The Walt Disney Company": 0.5668287,
    "Sony": 0.5379597,
    "NBCUniversal": 0.5348753,
    "IBM": 0.5324885,
    "General Electric": 0.5161476,
    "Berkshire Hathaway": 0.5123653,
    "Uber": 0.5092309,
    "Starbucks": 0.4853044,
    "The Coca-Cola Company": 0.4827411,
    "Yahoo!": 0.464468,
    "McDonald's": 0.4506786,
    "Nike": 0.4455846,
    "American Express": 0.4327509,
    "Warner Bros.": 0.4269968,
    "General Motors": 0.3922358,
    "United Parcel Service": 0.3758816,
    "Columbia Pictures": 0.3730914,
    "Aditya Birla Group": 0.3715376,
    "Ford Motor Company": 0.3669507,
    "AOL": 0.3625088,
    "Larsen & Toubro": 0.3547301,
    "PepsiCo": 0.3473267,
    "Panasonic": 0.3462061,
    "Hindalco": 0.3350601,
    "Viacom": 0.3322418,
    "Turner Broadcasting System": 0.3216036,
    "Verizon Communications": 0.3143572,
    "BP": 0.3141638,
    "Mindtree": 0.3095627,
    "Universal Pictures": 0.3088615,
    "FedEx": 0.2799367,
    "Comcast": 0.2743592,
    "Canadian Broadcasting Corporation": 0.2735195,
    "Toyota": 0.2688579,
    "Target Corporation": 0.2621191,
    "Proctor and Gamble": 0.2601347,
    "Exxon Mobil": 0.246127,
    "Royal Dutch Shell": 0.2455424,
    "Bank of America": 0.2447291,
    "Morgan Stanley": 0.2232662,
    "Delta Air Lines": 0.2223644,
    "Samsung": 0.222037,
    "Citigroup": 0.2168856,
    "Vodafone": 0.215561,
    "JP Morgan Chase": 0.2132015,
    "Nintendo": 0.212771,
    "McKinsey": 0.1792372,
    "Qualcomm": 0.1788532,
    "Nokia": 0.1749821,
    "Adidas": 0.1720683,
    "Capital One Financial": 0.1706646,
    "Sun Microsystems": 0.1699891,
    "Manchester United": 0.1695556,
    "Boeing": 0.1654623,
    "Wells Fargo": 0.1569767,
    "New York Times Company": 0.1511525,
    "Boston Consulting Group": 0.150247,
    "Monsanto": 0.1495927,
    "Accenture": 0.1476974,
    "Macy's": 0.1429774,
    "Epic Games": 0.142602,
    "Tesco": 0.1399788,
    "Intel": 0.1374311,
    "Best Buy": 0.1324906,
    "SpaceX": 0.1315128,
    "Costco": 0.1308644,
    "Marriott International": 0.1307414,
    "Whole Foods Market": 0.1290944,
    "Novartis": 0.1290732,
    "CBS Corporation": 0.1281864,
    "Hewlett-Packard": 0.1259437,
    "Oracle Corporation": 0.1257154,
    "Alcoa": 0.1215902,
    "MetLife": 0.1163571,
    "eBay": 0.1163513,
    "Pfizer": 0.1155601,
    "Bayer": 0.1135762,
    "Mozilla": 0.1122711,
    "Tradeking": 0.1115241,
    "World Wrestling Entertainment": 0.1098381,
    "Fiat S.p.A.": 0.1092014,
    "GlaxoSmithKline": 0.1088842,
    "Ericsson": 0.1086401,
    "Baidu": 0.1065701,
    "Universal Music Group": 0.1043944,
    "Pizza Hut": 0.1021096,
    "EADS": 0.1013071,
    "Motorola": 0.0967263,
    "HSBC": 0.0964992,
    "Deutsche Bank": 0.096129,
    "Walgreen Company": 0.0956131,
    "Cisco Systems": 0.0946328,
    "Kroger": 0.0943288,
    "Playboy Enterprises": 0.0903026,
    "Honeywell": 0.0893841,
    "Deutsche Post World Net": 0.0893271,
    "Lockheed Martin": 0.087104,
    "Dell Inc.": 0.0849362,
    "Yum! Brands Inc.": 0.084863,
    "Hugo Boss": 0.0843488,
    "BMW": 0.0842671,
    "Sirius Satellite Radio": 0.0808464,
    "Marvel Studios": 0.0807077,
    "Blackstone Group": 0.0801078,
    "Sega": 0.0788115,
    "Anthem Inc.": 0.0775542,
    "Live Nation Entertainment": 0.0773794,
    "Halliburton": 0.0770351,
    "ConAgra": 0.0761226,
    "Miramax": 0.0750305,
    "IKEA": 0.074663,
    "BHP Billiton": 0.0744585,
    "ITC Limited": 0.0737651,
    "National Amusements": 0.071596,
    "Northrop Grumman": 0.0705592,
    "Chipotle Mexican Grill": 0.0696376,
    "Kmart": 0.0686237,
    "Ryanair": 0.0677671,
    "Hasbro": 0.0657226,
    "Temasek Holdings": 0.065342,
    "AMD": 0.0647324,
    "Electronic Arts": 0.0643953,
    "Tim Hortons": 0.062943,
    "UBS AG": 0.0617634,
    "Fidelity Investments": 0.0608678,
    "Nvidia": 0.0599819,
    "Sears": 0.0584832,
    "Volkswagen": 0.0534088,
    "Lidl": 0.0530414,
    "Barclays": 0.052328,
    "FUBU": 0.0515273,
    "Tata Steel": 0.0513611,
    "Caterpillar Inc.": 0.0509911,
    "Rite Aid Corporation": 0.0496948,
    "Lamborghini": 0.0486466,
    "Daimler AG": 0.0479511,
    "BAE Systems": 0.0470186,
    "Nissan": 0.0454363,
    "Mercedes Benz": 0.0428257,
    "Renault": 0.0425122,
    "Nortel": 0.042158,
    "Reliance Industries Limited": 0.0420866,
    "Polo Ralph Lauren": 0.0418341,
    "General Dynamics": 0.0417383,
    "Royal Bank of Scotland": 0.0375599,
    "Merrill Lynch": 0.0373988,
    "Statoil": 0.0371914,
    "Simon Property Group": 0.0367158,
    "Rakuten": 0.0366457,
    "Juniper Networks": 0.0361295,
    "Royal Bank of Canada": 0.0350987,
    "Rockstar Games": 0.0349764,
    "Capgemini": 0.0346176,
    "SoftBank": 0.0310402,
    "Eastman Kodak": 0.0298785,
    "Cognizant Technology Solutions": 0.0296231,
    "Valve Corporation": 0.0291602,
    "Mazda": 0.0290155,
    "Under Armour": 0.0288327,
    "MySQL AB": 0.0274993,
    "Tata Consultancy Services": 0.0266877,
    "HCL Technologies": 0.0261339,
    "Adobe Systems": 0.0259227,
    "Alcatel-Lucent": 0.0259166,
    "Valeant Pharmaceuticals": 0.0236653,
    "Seagate Technology": 0.0236426,
    "Maserati": 0.0206274,
    "SAP AG": 0.0205152,
    "Banco Bilbao Vizcaya Argentaria": 0.0192744,
    "Alliance Boots": 0.0185444,
    "J.Crew": 0.0177976,
    "Dr. Reddy's": 0.0175695,
    "Arcelor Mittal": 0.0161605,
    "BNY Mellon": 0.0160747,
    "Suzuki": 0.0154065,
    "Dow Inc.": 0.014851,
    "DLF Limited": 0.0145867,
    "Valero Energy Corporation": 0.0142896,
    "Jefferies & Company": 0.0136637,
    "Washington Mutual": 0.0136478,
    "GMA Network": 0.0132449,
    "TJX": 0.0128801,
    "Boston Dynamics": 0.0123089,
    "ACE Limited": 0.0118178,
    "The Travelers Companies": 0.0103253,
    "Telstra": 0.009862,
    "SingTel": 0.0080223,
    "Telefonica": 0.0071839,
    "Sun Hung Kai Properties Ltd.": 0.005982,
    "Supervalu Inc.": 0.005967,
    "Academi": 0.0053943,
    "Formula One Management": 0.0048609,
    "SAS Institute": 0.0047981,
    "MGA Entertainment": 0.0047535,
    "Gerdau": 0.0046563,
    "Royal Ahold N.V.": 0.0045259,
    "Newlog": 0.0044062,
    "Canonical Ltd.": 0.0035205,
    "Henderson Land Development Co. Ltd.": 0.0032116,
    "Telmex": 0.0030121,
    "News Corporation": 0.0021924,
    "Vulcan Inc.": 0.0018368,
    "NIIT": 0.0016776,
    "Inchcape plc": 0.0005891,
    "Tracinda Corporation": 0.0000419,
    "Office Depot": 0
}